INSERT INTO tenants (id, name, language_pref, is_active) VALUES ('a0eebc99-9c0b-4ef8-bb6d-6bb9bd380a11', 'Shahid Demo Construction', 'ar', true) ON CONFLICT (id) DO NOTHING;
INSERT INTO users (id, tenant_id, auth_id, name, email, role, mfa_enabled, is_active) VALUES
  ('11111111-1111-1111-1111-111111111111', 'a0eebc99-9c0b-4ef8-bb6d-6bb9bd380a11', NULL, 'Super Admin', 'sa@shahid.dev', 'super_admin', false, true),
  ('22222222-2222-2222-2222-222222222222', 'a0eebc99-9c0b-4ef8-bb6d-6bb9bd380a11', NULL, 'Tenant Admin', 'ta@shahid.dev', 'tenant_admin', true, true),
  ('33333333-3333-3333-3333-333333333333', 'a0eebc99-9c0b-4ef8-bb6d-6bb9bd380a11', NULL, 'Project Manager', 'pm@shahid.dev', 'project_manager', true, true),
  ('44444444-4444-4444-4444-444444444444', 'a0eebc99-9c0b-4ef8-bb6d-6bb9bd380a11', NULL, 'Site Supervisor', 'ss@shahid.dev', 'site_supervisor', false, true),
  ('55555555-5555-5555-5555-555555555555', 'a0eebc99-9c0b-4ef8-bb6d-6bb9bd380a11', NULL, 'Field Operator', 'fo@shahid.dev', 'field_operator', false, true),
  ('66666666-6666-6666-6666-666666666666', 'a0eebc99-9c0b-4ef8-bb6d-6bb9bd380a11', NULL, 'Read Only', 'ro@shahid.dev', 'read_only', false, true)
ON CONFLICT (tenant_id, email) DO NOTHING;

INSERT INTO projects (id, tenant_id, name, address, status, baseline_schedule, alert_delay_threshold_days, alert_critical_delay_threshold_days, capture_frequency_hours, report_language, created_by) VALUES ('00000000-0000-0000-0000-000000000001', 'a0eebc99-9c0b-4ef8-bb6d-6bb9bd380a11', 'برج الشاهد التجاري', 'شارع الملك فهد، الرياض، المملكة العربية السعودية', 'active', '{"phases": [{"name": "Foundations", "start": "2026-01-01", "end": "2026-03-15"}, {"name": "Structure", "start": "2026-03-16", "end": "2026-08-30"}, {"name": "MEP", "start": "2026-06-01", "end": "2026-10-15"}, {"name": "Finishing", "start": "2026-08-01", "end": "2026-12-31"}]}', 1, 3, 24, 'ar', '33333333-3333-3333-3333-333333333333') ON CONFLICT (id) DO NOTHING;

INSERT INTO zones (id, project_id, parent_zone_id, name, level_type, level_number, sort_order) VALUES
  ('z-0001', '00000000-0000-0000-0000-000000000001', NULL, 'برج الشاهد التجاري', 'project', 0, 0),
  ('z-0101', '00000000-0000-0000-0000-000000000001', 'z-0001', 'الطابق الأرضي', 'floor', 0, 1),
  ('z-0102', '00000000-0000-0000-0000-000000000001', 'z-0001', 'الطابق الأول', 'floor', 1, 2),
  ('z-0103', '00000000-0000-0000-0000-000000000001', 'z-0001', 'الطابق الثاني', 'floor', 2, 3),
  ('z-0104', '00000000-0000-0000-0000-000000000001', 'z-0001', 'الطابق الثالث', 'floor', 3, 4),
  ('z-0105', '00000000-0000-0000-0000-000000000001', 'z-0001', 'الطابق الرابع', 'floor', 4, 5),
  ('z-0201', '00000000-0000-0000-0000-000000000001', 'z-0101', 'البهو الرئيسي', 'room', 1, 1),
  ('z-0202', '00000000-0000-0000-0000-000000000001', 'z-0101', 'المصاعد', 'room', 1, 2),
  ('z-0203', '00000000-0000-0000-0000-000000000001', 'z-0101', 'الخدمات', 'room', 1, 3),
  ('z-0204', '00000000-0000-0000-0000-000000000001', 'z-0102', 'المكتب 101', 'room', 1, 1),
  ('z-0205', '00000000-0000-0000-0000-000000000001', 'z-0102', 'المكتب 102', 'room', 1, 2),
  ('z-0206', '00000000-0000-0000-0000-000000000001', 'z-0102', 'الممرات', 'room', 1, 3),
  ('z-0207', '00000000-0000-0000-0000-000000000001', 'z-0103', 'المكتب 201', 'room', 1, 1),
  ('z-0208', '00000000-0000-0000-0000-000000000001', 'z-0103', 'المكتب 202', 'room', 1, 2),
  ('z-0209', '00000000-0000-0000-0000-000000000001', 'z-0103', 'الحمامات', 'room', 1, 3),
  ('z-0210', '00000000-0000-0000-0000-000000000001', 'z-0104', 'المكتب 301', 'room', 1, 1),
  ('z-0211', '00000000-0000-0000-0000-000000000001', 'z-0104', 'المكتب 302', 'room', 1, 2),
  ('z-0212', '00000000-0000-0000-0000-000000000001', 'z-0104', 'غرفة الاجتماعات', 'room', 1, 3),
  ('z-0213', '00000000-0000-0000-0000-000000000001', 'z-0105', 'المكتب 401', 'room', 1, 1),
  ('z-0214', '00000000-0000-0000-0000-000000000001', 'z-0105', 'المكتب 402', 'room', 1, 2),
  ('z-0215', '00000000-0000-0000-0000-000000000001', 'z-0105', 'المطبخ', 'room', 1, 3)
ON CONFLICT (id) DO NOTHING;

INSERT INTO capture_points (id, zone_id, name, description, expected_stage, capture_frequency_hours, gps_lat, gps_lng, is_active) VALUES
  ('cp-0001', 'z-0201', 'المدخل الرئيسي', 'المدخل الرئيسي للمبنى', 'Foundations', 24, 24.7136, 46.6753, true),
  ('cp-0002', 'z-0201', 'الاستقبال', 'مكتب الاستقبال', 'Finishing', 48, 24.7137, 46.6754, true),
  ('cp-0003', 'z-0202', 'المصعد 1', 'مصعد ركاب رئيسي', 'MEP', 24, 24.7138, 46.6755, true),
  ('cp-0004', 'z-0202', 'المصعد 2', 'مصعد ركاب ثانوي', 'MEP', 24, 24.7139, 46.6756, true),
  ('cp-0005', 'z-0203', 'غرفة الكهرباء', 'لوحة التوزيع الكهربائي', 'MEP', 24, 24.7140, 46.6757, true),
  ('cp-0006', 'z-0203', 'غرفة السباكة', 'أنظمة المياه والصرف', 'MEP', 24, 24.7141, 46.6758, true),
  ('cp-0007', 'z-0204', 'المكتب 101 - واجهة', 'الواجهة الجنوبية', 'Finishing', 72, 24.7142, 46.6759, true),
  ('cp-0008', 'z-0204', 'المكتب 101 - داخلي', 'الجدران الداخلية', 'Finishing', 72, 24.7143, 46.6760, true),
  ('cp-0009', 'z-0205', 'المكتب 102 - واجهة', 'الواجهة الشمالية', 'Finishing', 72, 24.7144, 46.6761, true),
  ('cp-0010', 'z-0205', 'المكتب 102 - داخلي', 'الأرضيات والأسقف', 'Finishing', 72, 24.7145, 46.6762, true),
  ('cp-0011', 'z-0206', 'الممر 1-2', 'الممر الرئيسي بين الطوابق', 'Finishing', 48, 24.7146, 46.6763, true),
  ('cp-0012', 'z-0206', 'الممر 2-3', 'الممر الثانوي', 'Finishing', 48, 24.7147, 46.6764, true),
  ('cp-0013', 'z-0207', 'المكتب 201 - واجهة', 'الواجهة الجنوبية', 'Finishing', 72, 24.7148, 46.6765, true),
  ('cp-0014', 'z-0207', 'المكتب 201 - داخلي', 'الجدران والأسقف', 'Finishing', 72, 24.7149, 46.6766, true),
  ('cp-0015', 'z-0208', 'المكتب 202 - واجهة', 'الواجهة الشمالية', 'Finishing', 72, 24.7150, 46.6767, true),
  ('cp-0016', 'z-0208', 'المكتب 202 - داخلي', 'الأرضيات والزخرفة', 'Finishing', 72, 24.7151, 46.6768, true),
  ('cp-0017', 'z-0209', 'الحمام 1', 'حمام رجال', 'Finishing', 48, 24.7152, 46.6769, true),
  ('cp-0018', 'z-0209', 'الحمام 2', 'حمام نساء', 'Finishing', 48, 24.7153, 46.6770, true),
  ('cp-0019', 'z-0210', 'المكتب 301 - واجهة', 'الواجهة الجنوبية', 'Finishing', 72, 24.7154, 46.6771, true),
  ('cp-0020', 'z-0210', 'المكتب 301 - داخلي', 'الجدران والأرضيات', 'Finishing', 72, 24.7155, 46.6772, true),
  ('cp-0021', 'z-0211', 'المكتب 302 - واجهة', 'الواجهة الشمالية', 'Finishing', 72, 24.7156, 46.6773, true),
  ('cp-0022', 'z-0211', 'المكتب 302 - داخلي', 'الأسقف والإضاءة', 'Finishing', 72, 24.7157, 46.6774, true),
  ('cp-0023', 'z-0212', 'غرفة الاجتماعات - واجهة', 'الواجهة الجنوبية', 'Finishing', 48, 24.7158, 46.6775, true),
  ('cp-0024', 'z-0212', 'غرفة الاجتماعات - داخلي', 'الأثاث والتقنية', 'Finishing', 48, 24.7159, 46.6776, true),
  ('cp-0025', 'z-0213', 'المكتب 401 - واجهة', 'الواجهة الجنوبية', 'Finishing', 72, 24.7160, 46.6777, true),
  ('cp-0026', 'z-0213', 'المكتب 401 - داخلي', 'الجدران والأرضيات', 'Finishing', 72, 24.7161, 46.6778, true),
  ('cp-0027', 'z-0214', 'المكتب 402 - واجهة', 'الواجهة الشمالية', 'Finishing', 72, 24.7162, 46.6779, true),
  ('cp-0028', 'z-0214', 'المكتب 402 - داخلي', 'الأسقف والزخرفة', 'Finishing', 72, 24.7163, 46.6780, true),
  ('cp-0029', 'z-0215', 'المطبخ - واجهة', 'الواجهة الشمالية', 'Finishing', 48, 24.7164, 46.6781, true),
  ('cp-0030', 'z-0215', 'المطبخ - داخلي', 'الأجهزة والتركيب', 'Finishing', 48, 24.7165, 46.6782, true),
  ('cp-0031', 'z-0101', 'الدرج الرئيسي', 'درج الهروب الرئيسي', 'Structure', 24, 24.7166, 46.6783, true),
  ('cp-0032', 'z-0101', 'الدرج الخلفي', 'درج الهروب الخلفي', 'Structure', 24, 24.7167, 46.6784, true),
  ('cp-0033', 'z-0102', 'الدرج 1-2', 'درج الهروب بين الطابقين', 'Structure', 24, 24.7168, 46.6785, true),
  ('cp-0034', 'z-0103', 'الدرج 2-3', 'درج الهروب بين الطابقين', 'Structure', 24, 24.7169, 46.6786, true),
  ('cp-0035', 'z-0104', 'الدرج 3-4', 'درج الهروب بين الطابقين', 'Structure', 24, 24.7170, 46.6787, true),
  ('cp-0036', 'z-0105', 'الدرج 4-5', 'درج الهروب بين الطابقين', 'Structure', 24, 24.7171, 46.6788, true),
  ('cp-0037', 'z-0001', 'موقف السيارات 1', 'الموقف الخلفي', 'Foundations', 168, 24.7172, 46.6789, true),
  ('cp-0038', 'z-0001', 'موقف السيارات 2', 'الموقف الجانبي', 'Foundations', 168, 24.7173, 46.6790, true),
  ('cp-0039', 'z-0001', 'الواجهة الجنوبية', 'الواجهة الرئيسية', 'Structure', 48, 24.7174, 46.6791, true),
  ('cp-0040', 'z-0001', 'الواجهة الشمالية', 'الواجهة الخلفية', 'Structure', 48, 24.7175, 46.6792, true),
  ('cp-0041', 'z-0001', 'الواجهة الشرقية', 'الواجهة الجانبية', 'Structure', 48, 24.7176, 46.6793, true),
  ('cp-0042', 'z-0001', 'الواجهة الغربية', 'الواجهة الجانبية', 'Structure', 48, 24.7177, 46.6794, true),
  ('cp-0043', 'z-0001', 'السطح', 'سطح المبنى', 'MEP', 48, 24.7178, 46.6795, true),
  ('cp-0044', 'z-0001', 'خزان المياه', 'خزان المياه الرئيسي', 'MEP', 168, 24.7179, 46.6796, true),
  ('cp-0045', 'z-0001', 'غرفة المولد', 'مولد الطاقة الاحتياطي', 'MEP', 168, 24.7180, 46.6797, true),
  ('cp-0046', 'z-0001', 'الحديقة', 'المنطقة الخارجية', 'Foundations', 168, 24.7181, 46.6798, true),
  ('cp-0047', 'z-0001', 'البوابة الرئيسية', 'البوابة الأمامية', 'Foundations', 168, 24.7182, 46.6799, true),
  ('cp-0048', 'z-0001', 'البوابة الخلفية', 'بوابة الخدمات', 'Foundations', 168, 24.7183, 46.6800, true),
  ('cp-0049', 'z-0001', 'نقطة مرجعية 1', 'نقطة مرجعية GPS شمالية', 'Foundations', 720, 24.7184, 46.6801, true),
  ('cp-0050', 'z-0001', 'نقطة مرجعية 2', 'نقطة مرجعية GPS جنوبية', 'Foundations', 720, 24.7185, 46.6802, true),
  ('cp-0051', 'z-0001', 'نقطة مرجعية 3', 'نقطة مرجعية GPS شرقية', 'Foundations', 720, 24.7186, 46.6803, true),
  ('cp-0052', 'z-0001', 'نقطة مرجعية 4', 'نقطة مرجعية GPS غربية', 'Foundations', 720, 24.7187, 46.6804, true),
  ('cp-0053', 'z-0001', 'نقطة مرجعية 5', 'نقطة مرجعية GPS وسطية', 'Foundations', 720, 24.7188, 46.6805, true)
ON CONFLICT (id) DO NOTHING;

INSERT INTO routes_cache (id, project_id, name, date, capture_points, completed) VALUES
  ('route-0001', '00000000-0000-0000-0000-000000000001', 'الجولة اليومية - الطابق الأرضي', '2026-06-13', 'cp-0001,cp-0002,cp-0003,cp-0004,cp-0005,cp-0006,cp-0031,cp-0032,cp-0037,cp-0038', 0),
  ('route-0002', '00000000-0000-0000-0000-000000000001', 'الجولة اليومية - الطوابق 1-2', '2026-06-13', 'cp-0007,cp-0008,cp-0009,cp-0010,cp-0011,cp-0012,cp-0013,cp-0014,cp-0015,cp-0016,cp-0033,cp-0034', 0),
  ('route-0003', '00000000-0000-0000-0000-000000000001', 'الجولة الأسبوعية - الواجهات والسطح', '2026-06-13', 'cp-0039,cp-0040,cp-0041,cp-0042,cp-0043,cp-0044,cp-0045,cp-0049,cp-0050,cp-0051,cp-0052,cp-0053', 0)
ON CONFLICT (id) DO NOTHING;

INSERT INTO photos (id, capture_point_id, user_id, file_url, file_size_bytes, captured_at, gps_lat, gps_lng, gps_accuracy, hash_sha256, is_ntp_synced, device_id, device_model, synced) VALUES
  ('photo-0001', 'cp-0001', '55555555-5555-5555-5555-555555555555', 's3://shahid-photos/a0eebc99-9c0b-4ef8-bb6d-6bb9bd380a11/cp-0001/20260613080000_a1b2c3d4e5f6.jpg', 2048576, '2026-06-13T08:00:00Z', 24.7136, 46.6753, 3.5, 'e3b0c44298fc1c149afbf4c8996fb92427ae41e4649b934ca495991b7852b855', true, 'device-fo-001', 'Samsung Galaxy A14', true),
  ('photo-0002', 'cp-0003', '55555555-5555-5555-5555-555555555555', 's3://shahid-photos/a0eebc99-9c0b-4ef8-bb6d-6bb9bd380a11/cp-0003/20260613081500_b2c3d4e5f6a7.jpg', 1892234, '2026-06-13T08:15:00Z', 24.7138, 46.6755, 4.2, 'a1b2c3d4e5f6a7b8c9d0e1f2a3b4c5d6e7f8a9b0c1d2e3f4a5b6c7d8e9f0a1b2', true, 'device-fo-001', 'Samsung Galaxy A14', true)
ON CONFLICT (id) DO NOTHING;

INSERT INTO ai_results (id, photo_id, stage_classification, defect_flags, confidence_score, model_version) VALUES ('ai-0001', 'photo-0001', 'foundations', '[]', 0.85, 'v1') ON CONFLICT (photo_id) DO NOTHING;

INSERT INTO snags (id, project_id, photo_id, capture_point_id, category, severity, status, description, due_date, assigned_to, created_by) VALUES ('snag-0001', '00000000-0000-0000-0000-000000000001', 'photo-0001', 'cp-0001', 'incomplete_work', 'medium', 'open', 'تم اكتشاف عدم اكتمال أعمال اللياسة في المدخل الرئيسي. يتطلب إعادة معالجة.', '2026-06-20', '44444444-4444-4444-4444-444444444444', '33333333-3333-3333-3333-333333333333') ON CONFLICT (id) DO NOTHING;

INSERT INTO reports (id, project_id, period_start, period_end, file_url, file_size_bytes, generated_at, triggered_by, generated_by, report_data) VALUES ('report-0001', '00000000-0000-0000-0000-000000000001', '2026-06-06', '2026-06-12', 's3://shahid-reports/reports/00000000-0000-0000-0000-000000000001/2026-06-06_2026-06-12.pdf', 452345, '2026-06-13T08:00:00Z', 'auto', null, '{"total_capture_points": 53, "completed": 47, "overdue": 6, "photos": 124}') ON CONFLICT (id) DO NOTHING;

INSERT INTO notifications (id, user_id, type, payload, created_at) VALUES
  ('notif-0001', '33333333-3333-3333-3333-333333333333', 'snag_flagged', '{"title": "عيب جديد مكتشف", "body": "تم اكتشاف عيب في المدخل الرئيسي (cp-0001). يرجى المراجعة."}', '2026-06-13T08:00:00Z'),
  ('notif-0002', '33333333-3333-3333-3333-333333333333', 'report_ready', '{"title": "التقرير الأسبوعي جاهز", "body": "تم إنشاء التقرير الأسبوعي للفترة 2026-06-06 إلى 2026-06-12."}', '2026-06-13T08:00:00Z')
ON CONFLICT (id) DO NOTHING;

INSERT INTO audit_logs (id, user_id, tenant_id, action, entity_type, entity_id, timestamp, ip_address) VALUES ('audit-0001', '33333333-3333-3333-3333-333333333333', 'a0eebc99-9c0b-4ef8-bb6d-6bb9bd380a11', 'create', 'project', '00000000-0000-0000-0000-000000000001', '2026-06-01T00:00:00Z', '192.168.1.100') ON CONFLICT (id) DO NOTHING;
